{
  "timestamp": "2023-12-30T12:58:52.233498",
  "mean_rainfall": 802.1237288135593,
  "rainfall_anomalies": [
    -60.48421052631579, -125.18421052631572, -142.78421052631575,
    45.9157894736843, 27.61578947368423, -146.78421052631575,
    240.21578947368425, -67.68421052631572, -0.48421052631579187,
    106.4157894736843, 103.81578947368428, -0.6842105263157237,
    97.4157894736843, -40.184210526315724, -140.28421052631575,
    -399.48421052631574, -133.88421052631577, 50.4157894736843,
    -6.384210526315769, 113.11578947368423, -78.68421052631572,
    88.01578947368421, 27.515789473684208, -156.38421052631577,
    124.31578947368428, -16.284210526315746, -42.784210526315746,
    -275.88421052631577, -69.98421052631579, 128.21578947368425,
    -40.5842105263157, -59.784210526315746, -3.484210526315792,
    51.715789473684254, 33.61578947368423, -42.784210526315746,
    -5.284210526315746, -118.0842105263157, 21.215789473684254,
    -62.98421052631579, 35.61578947368423, -38.784210526315746,
    -46.684210526315724, -124.18421052631572, 164.81578947368428,
    22.11578947368423, 15.315789473684276, -189.38421052631577,
    31.11578947368423, -123.78421052631575, -38.38421052631577,
    140.9157894736843, 40.9157894736843, -250.9842105263158, 141.9157894736843,
    138.61578947368423, -36.88421052631577, -10.084210526315701,
    -26.684210526315724, 365.11578947368434, 361.21578947368425,
    66.31578947368428, 70.71578947368425, -40.0842105263157, 121.71578947368425,
    -224.9842105263158, -130.38421052631577, -6.984210526315792,
    205.9157894736843, -151.78421052631575, -250.4842105263158,
    26.215789473684254, -143.18421052631572, 86.31578947368428,
    75.01578947368421, 206.21578947368425, -186.0842105263157,
    41.11578947368423, 32.51578947368421, -86.28421052631575,
    -70.68421052631572, 139.71578947368425, 97.71578947368425,
    -125.48421052631579, -72.0842105263157, -138.78421052631575,
    131.0157894736842, 92.81578947368428, 238.4157894736843,
    -57.284210526315746, -211.0842105263157, -43.284210526315746,
    452.81578947368416, 114.71578947368425, 145.61578947368423,
    252.11578947368434, 137.21578947368425, -174.0842105263157,
    72.61578947368423, 86.11578947368423, 20.315789473684276,
    164.31578947368428, 93.71578947368425, -9.88421052631577, 38.51578947368421,
    122.21578947368425, 91.51578947368421, 40.4157894736843, 86.11578947368423,
    66.51578947368421, 51.215789473684254, 160.71578947368425,
    -204.78421052631575, 147.4157894736843, 69.11578947368423,
    74.51578947368421, 34.11578947368423, 390.0157894736842
  ],
  "rainfall_trend": [
    -60.48421052631579, -92.83421052631576, -109.48421052631575,
    -70.63421052631574, -50.98421052631575, -66.95087719298242,
    -23.06992481203003, -28.646710526315744, -25.51754385964908,
    -12.324210526315744, 4.105789473684263, 16.555789473684264,
    40.57578947368427, 31.965789473684264, 15.175789473684267,
    -10.094210526315731, -47.50421052631573, -35.69421052631573,
    -36.28421052631573, -35.61421052631574, -53.864210526315745,
    -44.99421052631574, -51.98421052631575, -63.604210526315754,
    -37.14421052631575, 1.1757894736842445, 10.285789473684247,
    -22.34421052631576, -28.704210526315762, -27.19421052631576,
    -23.38421052631576, -38.164210526315756, -41.26421052631575,
    -20.45421052631575, -29.524210526315755, -32.174210526315754,
    -28.424210526315754, -12.64421052631575, -3.524210526315744,
    -22.64421052631575, -15.024210526315755, -12.924210526315756,
    -17.244210526315747, -34.83421052631574, -21.714210526315743,
    -15.224210526315744, -13.164210526315742, -20.294210526315748,
    -19.30421052631575, -25.384210526315748, -32.784210526315746,
    -14.814210526315742, -6.05421052631574, -18.734210526315746,
    -21.024210526315745, -9.374210526315744, -14.594210526315749,
    3.335789473684258, -2.444210526315737, 46.44578947368427, 86.40578947368428,
    78.94578947368427, 81.92578947368426, 103.01578947368428,
    100.99578947368427, 64.63578947368427, 55.28578947368427, 55.59578947368426,
    78.85578947368427, 27.165789473684253, -34.00421052631575,
    -38.01421052631575, -59.40421052631575, -46.76421052631575,
    -51.43421052631576, -8.314210526315753, -13.884210526315746,
    -9.074210526315744, -26.414210526315753, -19.864210526315752,
    -1.8842105263157465, 9.465789473684254, 33.55578947368425,
    12.375789473684245, -2.334210526315746, -36.83421052631574,
    -5.124210526315755, 0.04578947368424906, 20.63578947368426,
    23.535789473684257, 9.49578947368426, -8.804210526315739,
    26.705789473684252, 50.72578947368426, 72.49578947368425,
    111.58578947368426, 112.20578947368426, 85.51578947368428,
    68.93578947368425, 83.27578947368426, 106.41578947368426,
    127.17578947368426, 91.26578947368426, 78.80578947368426, 68.09578947368426,
    55.105789473684254, 50.53578947368425, 71.98578947368425, 73.33578947368424,
    71.37578947368425, 74.46578947368424, 74.10578947368424, 44.25578947368424,
    59.98578947368425, 63.04578947368425, 58.27578947368424, 52.53578947368425,
    87.49578947368424
  ],
  "mean_sunshine": 1580.4161016949156,
  "sunshine_anomalies": [
    28.8642105263159, -247.03578947368396, 31.764210526315992,
    26.464210526316037, 46.26421052631599, 212.56421052631595,
    -138.735789473684, -82.03578947368396, 96.76421052631599, 54.46421052631604,
    -169.33578947368414, 158.06421052631595, -10.335789473684144,
    -77.1357894736841, 65.66421052631586, 252.764210526316, 52.664210526315856,
    -179.53578947368396, -26.835789473684144, -61.03578947368396,
    -218.1357894736841, -207.93578947368405, 129.56421052631595,
    244.56421052631595, -55.23578947368401, -47.73578947368401,
    -41.1357894736841, 163.3642105263159, 123.8642105263159, 44.3642105263159,
    -29.6357894736841, -242.1357894736841, -77.03578947368396,
    90.26421052631599, 109.26421052631599, 31.964210526316037, 68.8642105263159,
    96.3642105263159, 18.964210526316037, -281.1357894736841,
    -5.135789473684099, 353.764210526316, 149.66421052631586,
    301.46421052631604, 34.26421052631599, 83.46421052631604, 76.46421052631604,
    -0.23578947368400804, -117.43578947368405, 112.3642105263159,
    -141.53578947368396, -39.53578947368396, -114.83578947368414,
    458.16421052631586, -173.1357894736841, -93.03578947368396,
    -129.93578947368405, -103.03578947368396, 3.364210526315901,
    -19.335789473684144, -208.735789473684, -30.035789473683963,
    -195.83578947368414, 7.0642105263159465, -39.43578947368405,
    73.56421052631595, -31.935789473684054, 80.16421052631586,
    -0.03578947368396257, 115.16421052631586, 285.764210526316,
    -162.83578947368414, -210.6357894736841, -197.1357894736841,
    -100.73578947368401, -219.83578947368414, 121.46421052631604,
    22.3642105263159, -136.33578947368414, -138.33578947368414,
    21.664210526315856, -220.03578947368396, -310.33578947368414,
    191.264210526316, 93.56421052631595, 2.0642105263159465, 75.56421052631595,
    -33.835789473684144, 19.664210526315856, 286.06421052631595,
    79.06421052631595, 164.66421052631586, -173.53578947368396,
    191.764210526316, -12.635789473684099, 94.56421052631595,
    160.46421052631604, 493.764210526316, 95.26421052631599, 260.96421052631604,
    197.46421052631604, 161.66421052631586, 207.06421052631595,
    309.96421052631604, 224.264210526316, 259.96421052631604, 82.26421052631599,
    99.56421052631595, 258.8642105263159, 328.46421052631604,
    283.96421052631604, 137.96421052631604, 516.964210526316,
    399.96421052631604, 429.66421052631586, 197.56421052631595,
    680.7642105263158, 311.264210526316
  ],