{
  "timestamp": "2023-12-29T22:03:20.509025",
  "rainfall": [
    726.3, 661.6, 644.0, 832.7, 814.4, 640.0, 1027.0, 719.1, 786.3, 893.2,
    890.6, 786.1, 884.2, 746.6, 646.5, 387.3, 652.9, 837.2, 780.4, 899.9, 708.1,
    874.8, 814.3, 630.4, 911.1, 770.5, 744.0, 510.9, 716.8, 915.0, 746.2, 727.0,
    783.3, 838.5, 820.4, 744.0, 781.5, 668.7, 808.0, 723.8, 822.4, 748.0, 740.1,
    662.6, 951.6, 808.9, 802.1, 597.4, 817.9, 663.0, 748.4, 927.7, 827.7, 535.8,
    928.7, 925.4, 749.9, 776.7, 760.1, 1151.9, 1148.0, 853.1, 857.5, 746.7,
    908.5, 561.8, 656.4, 779.8, 992.7, 635.0, 536.3, 813.0, 643.6, 873.1, 861.8,
    993.0, 600.7, 827.9, 819.3, 700.5, 716.1, 926.5, 884.5, 661.3, 714.7, 648.0,
    917.8, 879.6, 1025.2, 729.5, 575.7, 743.5, 1239.6, 901.5, 932.4, 1038.9,
    924.0, 612.7, 859.4, 872.9, 807.1, 951.1, 880.5, 776.9, 825.3, 909.0, 878.3,
    827.2, 872.9, 853.3, 838.0, 947.5, 582.0, 934.2, 855.9, 861.3, 820.9, 1173.0
  ],
  "trend": [
    726.3, 693.95, 677.3000000000001, 716.15, 735.8, 719.8333333333334,
    763.7142857142857, 758.1375, 761.2666666666667, 774.46, 790.89, 803.34,
    827.36, 818.75, 801.96, 776.69, 739.28, 751.0899999999999,
    750.5000000000001, 751.17, 732.9200000000001, 741.79, 734.8, 723.18, 749.64,
    787.9599999999999, 797.0699999999999, 764.4399999999999, 758.0799999999999,
    759.5899999999999, 763.4, 748.6200000000001, 745.52, 766.3299999999999,
    757.26, 754.61, 758.36, 774.1400000000001, 783.26, 764.1400000000001,
    771.76, 773.86, 769.5400000000001, 751.95, 765.0699999999999, 771.56,
    773.62, 766.49, 767.48, 761.4, 754.0, 771.97, 780.7299999999999, 768.05,
    765.76, 777.4100000000001, 772.1899999999999, 790.1200000000001,
    784.3399999999999, 833.2299999999999, 873.1899999999999, 865.7300000000001,
    868.71, 889.8, 887.78, 851.4200000000001, 842.07, 842.3799999999999, 865.64,
    813.95, 752.78, 748.77, 727.38, 740.0200000000001, 735.35, 778.47, 772.9,
    777.71, 760.37, 766.9200000000001, 784.9, 796.25, 820.3399999999999, 799.16,
    784.45, 749.95, 781.66, 786.83, 807.42, 810.3199999999999, 796.28, 777.98,
    813.49, 837.51, 859.2800000000001, 898.3700000000001, 898.99, 872.3, 855.72,
    870.0600000000001, 893.2, 913.96, 878.05, 865.5899999999999,
    854.8799999999999, 841.89, 837.32, 858.7699999999999, 860.1200000000001,
    858.1600000000001, 861.25, 860.89, 831.04, 846.7700000000001,
    849.8299999999999, 845.0600000000001, 839.3199999999999, 873.9
  ],
  "years": [
    "1906",
    "1907",
    "1908",
    "1909",
    "1910",
    "1911",
    "1912",
    "1913",
    "1914",
    "1915",
    "1916",
    "1917",
    "1918",
    "1919",
    "1920",
    "1921",
    "1922",
    "1923",
    "1924",
    "1925",
    "1926",
    "1927",
    "1928",
    "1929",
    "1930",
    "1931",
    "1932",
    "1933",
    "1934",
    "1935",
    "1936",
    "1937",
    "1938",
    "1939",
    "1940",
    "1941",
    "1942",
    "1943",
    "1944",
    "1945",
    "1946",
    "1947",
    "1948",
    "1949",
    "1950",
    "1951",
    "1952",
    "1953",
    "1954",
    "1955",
    "1956",
    "1957",
    "1958",
    "1959",
    "1960",
    "1961",
    "1962",
    "1963",
    "1964",
    "1965",
    "1966",
    "1967",
    "1968",
    "1969",
    "1970",
    "1971",
    "1972",
    "1973",
    "1974",
    "1975",
    "1976",
    "1977",
    "1978",
    "1979",
    "1980",
    "1981",
    "1982",
    "1983",
    "1984",
    "1985",
    "1986",
    "1987",
    "1988",
    "1989",
    "1990",
    "1991",
    "1992",
    "1993",
    "1994",
    "1995",
    "1996",
    "1997",
    "1998",
    "1999",
    "2000",
    "2001",
    "2002",
    "2003",
    "2004",
    "2005",
    "2006",
    "2007",
    "2008",
    "2009",
    "2010",
    "2011",
    "2012",
    "2013",
    "2014",
    "2015",
    "2016",
    "2017",
    "2018",
    "2019",
    "2020",
    "2021",
    "2022",
    "2023"
  ]
}
